{
    "accuracy": [
        0.3689473569393158,
        0.5384210348129272,
        0.6063157916069031
    ],
    "loss": [
        1.3007090091705322,
        1.0493195056915283,
        0.9187798500061035
    ],
    "val_accuracy": [
        0.47058823704719543,
        0.593137264251709,
        0.6397058963775635
    ],
    "val_loss": [
        1.2934890985488892,
        1.002997636795044,
        0.9604078531265259
    ],
    "learning_rate": [
        0.0010000000474974513,
        0.0010000000474974513,
        0.0010000000474974513
    ]
}