{
    "accuracy": [
        0.2368421107530594,
        0.23263157904148102,
        0.24315789341926575
    ],
    "loss": [
        1.4342726469039917,
        1.389639973640442,
        1.3863810300827026
    ],
    "val_accuracy": [
        0.25,
        0.25,
        0.25
    ],
    "val_loss": [
        1.3940107822418213,
        1.3862978219985962,
        1.38629949092865
    ],
    "learning_rate": [
        0.0010000000474974513,
        0.0010000000474974513,
        0.0010000000474974513
    ]
}