{
    "accuracy": [
        0.6889473795890808,
        0.8142105340957642,
        0.8315789699554443
    ],
    "loss": [
        0.8147464394569397,
        0.5006831884384155,
        0.4222307801246643
    ],
    "val_accuracy": [
        0.7720588445663452,
        0.7598039507865906,
        0.781862735748291
    ],
    "val_loss": [
        0.5740734338760376,
        0.5753309726715088,
        0.5690070390701294
    ],
    "learning_rate": [
        0.0010000000474974513,
        0.0010000000474974513,
        0.0010000000474974513
    ]
}